Test name, Execution time, Result, Values
/20220315-MathProblems/STC_0001.smt2, 0.003764, SAT, x = -100 y = 1 z = 100 
/20220315-MathProblems/STC_0002.smt2, 0.323468, SAT, x = -47 y = -24 z = 49 
/20220315-MathProblems/STC_0003.smt2, 0.573846, SAT, x = -5 y = 4 z = 4 
/20220315-MathProblems/STC_0004.smt2, 1.253370, Not SAT
/20220315-MathProblems/STC_0005.smt2, 1.565967, Not SAT
/20220315-MathProblems/STC_0006.smt2, 0.282330, SAT, x = -58 y = -43 z = 65 
/20220315-MathProblems/STC_0007.smt2, 0.651466, SAT, x = -1 y = 0 z = 2 
/20220315-MathProblems/STC_0008.smt2, 0.004225, SAT, x = -100 y = 2 z = 100 
/20220315-MathProblems/STC_0009.smt2, 0.603548, SAT, x = 0 y = 1 z = 2 
/20220315-MathProblems/STC_0010.smt2, 0.574302, SAT, x = -3 y = -3 z = 4 
/20220315-MathProblems/STC_0011.smt2, 0.569898, SAT, x = -2 y = -2 z = 3 
/20220315-MathProblems/STC_0012.smt2, 0.517812, SAT, x = -11 y = 7 z = 10 
/20220315-MathProblems/STC_0013.smt2, 1.199270, Not SAT
/20220315-MathProblems/STC_0014.smt2, 1.165823, Not SAT
/20220315-MathProblems/STC_0015.smt2, 0.328473, SAT, x = -46 y = 23 z = 44 
/20220315-MathProblems/STC_0016.smt2, 0.038623, SAT, x = -94 y = -48 z = 98 
/20220315-MathProblems/STC_0017.smt2, 0.307451, SAT, x = -52 y = 25 z = 50 
/20220315-MathProblems/STC_0018.smt2, 0.574594, SAT, x = -2 y = -1 z = 3 
/20220315-MathProblems/STC_0019.smt2, 0.034557, SAT, x = -95 y = 47 z = 91 
/20220315-MathProblems/STC_0020.smt2, 0.259185, SAT, x = -56 y = 21 z = 55 
/20220315-MathProblems/STC_0021.smt2, 0.084987, SAT, x = -86 y = 28 z = 85 
/20220315-MathProblems/STC_0022.smt2, 1.183595, Not SAT
/20220315-MathProblems/STC_0023.smt2, 1.185622, Not SAT
/20220315-MathProblems/STC_0024.smt2, 0.535881, SAT, x = -10 y = 8 z = 8 
/20220315-MathProblems/STC_0025.smt2, 0.588944, SAT, x = -1 y = -1 z = 3 
/20220315-MathProblems/STC_0026.smt2, 0.595373, SAT, x = -1 y = 0 z = 3 
/20220315-MathProblems/STC_0027.smt2, 0.004814, SAT, x = -100 y = 3 z = 100 
/20220315-MathProblems/STC_0028.smt2, 0.253009, SAT, x = -59 y = 31 z = 56 
/20220315-MathProblems/STC_0029.smt2, 0.489452, SAT, x = -20 y = 13 z = 18 
/20220315-MathProblems/STC_0030.smt2, 1.173759, Not SAT
/20220315-MathProblems/STC_0031.smt2, 1.169810, Not SAT
/20220315-MathProblems/STC_0032.smt2, 1.148079, Not SAT
/20220315-MathProblems/STC_0033.smt2, 1.178692, Not SAT
/20220315-MathProblems/STC_0034.smt2, 0.553389, SAT, x = -6 y = 5 z = 5 
/20220315-MathProblems/STC_0035.smt2, 0.510597, SAT, x = -13 y = -8 z = 14 
/20220315-MathProblems/STC_0036.smt2, 0.147931, SAT, x = -75 y = 40 z = 71 
/20220315-MathProblems/STC_0037.smt2, 0.270041, SAT, x = -56 y = 37 z = 50 
/20220315-MathProblems/STC_0038.smt2, 0.429536, SAT, x = -27 y = 16 z = 25 
/20220315-MathProblems/STC_0039.smt2, 1.232301, Not SAT
/20220315-MathProblems/STC_0040.smt2, 1.196882, Not SAT
/20220315-MathProblems/STC_0041.smt2, 1.157879, Not SAT
/20220315-MathProblems/STC_0042.smt2, 1.193445, Not SAT
/20220315-MathProblems/STC_0043.smt2, 0.297917, SAT, x = -52 y = 20 z = 51 
/20220315-MathProblems/STC_0044.smt2, 0.562438, SAT, x = -7 y = -5 z = 8 
/20220315-MathProblems/STC_0045.smt2, 0.578624, SAT, x = -3 y = 2 z = 4 
/20220315-MathProblems/STC_0046.smt2, 0.402674, SAT, x = -29 y = 19 z = 26 
/20220315-MathProblems/STC_0047.smt2, 0.290534, SAT, x = -50 y = -50 z = 63 
/20220315-MathProblems/STC_0048.smt2, 0.439953, SAT, x = -26 y = -23 z = 31 
/20220315-MathProblems/STC_0049.smt2, 1.160368, Not SAT
/20220315-MathProblems/STC_0050.smt2, 1.180057, Not SAT
/20220315-MathProblems/STC_0051.smt2, 1.175707, Not SAT
/20220315-MathProblems/STC_0052.smt2, 1.191654, Not SAT
/20220315-MathProblems/STC_0053.smt2, 0.559180, SAT, x = -4 y = -2 z = 5 
/20220315-MathProblems/STC_0054.smt2, 0.475874, SAT, x = -18 y = -15 z = 21 
/20220315-MathProblems/STC_0055.smt2, 0.465475, SAT, x = -23 y = -23 z = 29 
/20220315-MathProblems/STC_0056.smt2, 0.365358, SAT, x = -47 y = 31 z = 42 
/20220315-MathProblems/STC_0057.smt2, 0.380931, SAT, x = -38 y = 25 z = 34 
/20220315-MathProblems/STC_0058.smt2, 1.164376, Not SAT
/20220315-MathProblems/STC_0059.smt2, 1.195675, Not SAT
/20220315-MathProblems/STC_0060.smt2, 0.576127, SAT, x = -4 y = -1 z = 5 
/20220315-MathProblems/STC_0061.smt2, 0.588403, SAT, x = -4 y = 0 z = 5 
/20220315-MathProblems/STC_0062.smt2, 0.347589, SAT, x = -43 y = 22 z = 41 
/20220315-MathProblems/STC_0063.smt2, 0.222953, SAT, x = -63 y = -37 z = 67 
/20220315-MathProblems/STC_0064.smt2, 0.004887, SAT, x = -100 y = 4 z = 100 
/20220315-MathProblems/STC_0065.smt2, 0.607842, SAT, x = 0 y = 1 z = 4 
/20220315-MathProblems/STC_0066.smt2, 0.602007, SAT, x = 1 y = 1 z = 4 
/20220315-MathProblems/STC_0067.smt2, 1.162113, Not SAT
/20220315-MathProblems/STC_0068.smt2, 1.144337, Not SAT
/20220315-MathProblems/STC_0069.smt2, 0.453173, SAT, x = -22 y = -19 z = 26 
/20220315-MathProblems/STC_0070.smt2, 0.212019, SAT, x = -64 y = 23 z = 63 
/20220315-MathProblems/STC_0071.smt2, 0.384613, SAT, x = -33 y = -22 z = 36 
/20220315-MathProblems/STC_0072.smt2, 0.446227, SAT, x = -27 y = -13 z = 28 
/20220315-MathProblems/STC_0073.smt2, 0.320250, SAT, x = -47 y = 29 z = 43 
/20220315-MathProblems/STC_0074.smt2, 1.169449, Not SAT
/20220315-MathProblems/STC_0075.smt2, 1.158194, Not SAT
/20220315-MathProblems/STC_0076.smt2, 1.172413, Not SAT
/20220315-MathProblems/STC_0077.smt2, 1.142445, Not SAT
/20220315-MathProblems/STC_0078.smt2, 0.290263, SAT, x = -55 y = 26 z = 53 
/20220315-MathProblems/STC_0079.smt2, 0.205675, SAT, x = -66 y = -49 z = 74 
/20220315-MathProblems/STC_0080.smt2, 0.538922, SAT, x = -6 y = -6 z = 8 
/20220315-MathProblems/STC_0081.smt2, 0.478538, SAT, x = -18 y = 10 z = 17 
/20220315-MathProblems/STC_0082.smt2, 0.513770, SAT, x = -11 y = -11 z = 14 
/20220315-MathProblems/STC_0083.smt2, 0.388522, SAT, x = -36 y = -32 z = 43 
/20220315-MathProblems/STC_0084.smt2, 1.181836, Not SAT
/20220315-MathProblems/STC_0085.smt2, 1.142273, Not SAT
/20220315-MathProblems/STC_0086.smt2, 1.169862, Not SAT
/20220315-MathProblems/STC_0087.smt2, 1.179642, Not SAT
/20220315-MathProblems/STC_0088.smt2, 0.518992, SAT, x = -16 y = -9 z = 17 
/20220315-MathProblems/STC_0089.smt2, 0.542079, SAT, x = -7 y = 6 z = 6 
/20220315-MathProblems/STC_0090.smt2, 0.005272, SAT, x = -100 y = 31 z = 99 
/20220315-MathProblems/STC_0091.smt2, 0.543019, SAT, x = -5 y = 0 z = 6 
/20220315-MathProblems/STC_0092.smt2, 0.527431, SAT, x = -8 y = -5 z = 9 
/20220315-MathProblems/STC_0093.smt2, 0.547126, SAT, x = -5 y = -5 z = 7 
/20220315-MathProblems/STC_0094.smt2, 1.151631, Not SAT
/20220315-MathProblems/STC_0095.smt2, 1.162278, Not SAT
/20220315-MathProblems/STC_0096.smt2, 0.465407, SAT, x = -22 y = 14 z = 20 
/20220315-MathProblems/STC_0097.smt2, 0.458116, SAT, x = -22 y = 17 z = 18 
/20220315-MathProblems/STC_0098.smt2, 0.498447, SAT, x = -15 y = 9 z = 14 
/20220315-MathProblems/STC_0099.smt2, 0.401673, SAT, x = -37 y = 16 z = 36 
/20220315-MathProblems/STC_0100.smt2, 0.540869, SAT, x = -6 y = -3 z = 7 
/20220315-MathProblems/STC_0101.smt2, 0.111137, SAT, x = -83 y = 46 z = 78 
/20220315-MathProblems/STC_0102.smt2, 1.165792, Not SAT
/20220315-MathProblems/STC_0103.smt2, 1.139734, Not SAT
/20220315-MathProblems/STC_0104.smt2, 1.238292, Not SAT
/20220315-MathProblems/STC_0105.smt2, 0.532536, SAT, x = -7 y = -4 z = 8 
/20220315-MathProblems/STC_0106.smt2, 0.460012, SAT, x = -19 y = -19 z = 24 
/20220315-MathProblems/STC_0107.smt2, 0.308653, SAT, x = -48 y = -28 z = 51 
/20220315-MathProblems/STC_0108.smt2, 1.163186, Not SAT
/20220315-MathProblems/STC_0109.smt2, 0.322436, SAT, x = -44 y = -18 z = 45 
/20220315-MathProblems/STC_0110.smt2, 1.181677, Not SAT
/20220315-MathProblems/STC_0111.smt2, 1.153760, Not SAT
/20220315-MathProblems/STC_0112.smt2, 1.180884, Not SAT
/20220315-MathProblems/STC_0113.smt2, 1.200389, Not SAT
/20220315-MathProblems/STC_0114.smt2, 1.175882, Not SAT
/20220315-MathProblems/STC_0115.smt2, 0.526279, SAT, x = -12 y = 8 z = 11 
/20220315-MathProblems/STC_0116.smt2, 0.569679, SAT, x = -2 y = -1 z = 5 
/20220315-MathProblems/STC_0117.smt2, 0.576927, SAT, x = -2 y = 0 z = 5 
/20220315-MathProblems/STC_0118.smt2, 0.011257, SAT, x = -99 y = 76 z = 81 
/20220315-MathProblems/STC_0119.smt2, 0.520148, SAT, x = -14 y = -8 z = 15 
/20220315-MathProblems/STC_0120.smt2, 0.060548, SAT, x = -92 y = 46 z = 88 
/20220315-MathProblems/STC_0121.smt2, 1.175982, Not SAT
/20220315-MathProblems/STC_0122.smt2, 1.169279, Not SAT
/20220315-MathProblems/STC_0123.smt2, 0.365827, SAT, x = -37 y = -16 z = 38 
/20220315-MathProblems/STC_0124.smt2, 0.561376, SAT, x = -1 y = 0 z = 5 
/20220315-MathProblems/STC_0125.smt2, 0.003965, SAT, x = -100 y = 5 z = 100 
/20220315-MathProblems/STC_0126.smt2, 0.533643, SAT, x = -12 y = -7 z = 13 
/20220315-MathProblems/STC_0127.smt2, 0.534640, SAT, x = -11 y = 9 z = 9 
/20220315-MathProblems/STC_0128.smt2, 0.134373, SAT, x = -77 y = -54 z = 85 
/20220315-MathProblems/STC_0129.smt2, 0.609470, SAT, x = 1 y = 4 z = 4 
/20220315-MathProblems/STC_0130.smt2, 1.170933, Not SAT
/20220315-MathProblems/STC_0131.smt2, 1.166908, Not SAT
/20220315-MathProblems/STC_0132.smt2, 0.591554, SAT, x = -1 y = 2 z = 5 
/20220315-MathProblems/STC_0133.smt2, 0.053977, SAT, x = -91 y = -37 z = 93 
/20220315-MathProblems/STC_0134.smt2, 0.057927, SAT, x = -91 y = 49 z = 86 
/20220315-MathProblems/STC_0135.smt2, 0.418895, SAT, x = -28 y = -17 z = 30 
/20220315-MathProblems/STC_0136.smt2, 0.611389, SAT, x = 2 y = 4 z = 4 
/20220315-MathProblems/STC_0137.smt2, 0.408917, SAT, x = -30 y = -23 z = 34 
/20220315-MathProblems/STC_0138.smt2, 1.164170, Not SAT
/20220315-MathProblems/STC_0139.smt2, 1.189811, Not SAT
/20220315-MathProblems/STC_0140.smt2, 1.148890, Not SAT
/20220315-MathProblems/STC_0141.smt2, 0.482243, SAT, x = -19 y = -10 z = 20 
/20220315-MathProblems/STC_0142.smt2, 0.539989, SAT, x = -7 y = -3 z = 8 
/20220315-MathProblems/STC_0143.smt2, 1.197936, Not SAT
/20220315-MathProblems/STC_0144.smt2, 0.173532, SAT, x = -72 y = -25 z = 73 
/20220315-MathProblems/STC_0145.smt2, 0.558918, SAT, x = -8 y = -7 z = 10 
/20220315-MathProblems/STC_0146.smt2, 0.590011, SAT, x = -9 y = -5 z = 10 
/20220315-MathProblems/STC_0147.smt2, 0.253066, SAT, x = -56 y = -50 z = 67 
/20220315-MathProblems/STC_0148.smt2, 1.204586, Not SAT
/20220315-MathProblems/STC_0149.smt2, 1.182155, Not SAT
/20220315-MathProblems/STC_0150.smt2, 1.166223, Not SAT
/20220315-MathProblems/STC_0151.smt2, 0.547970, SAT, x = -4 y = -1 z = 6 
/20220315-MathProblems/STC_0152.smt2, 0.411176, SAT, x = -32 y = -28 z = 38 
/20220315-MathProblems/STC_0153.smt2, 0.496001, SAT, x = -15 y = 11 z = 13 
/20220315-MathProblems/STC_0154.smt2, 0.557767, SAT, x = -6 y = 3 z = 7 
/20220315-MathProblems/STC_0155.smt2, 0.194489, SAT, x = -68 y = 24 z = 67 
/20220315-MathProblems/STC_0156.smt2, 1.171867, Not SAT
/20220315-MathProblems/STC_0157.smt2, 1.178829, Not SAT
/20220315-MathProblems/STC_0158.smt2, 1.175492, Not SAT
/20220315-MathProblems/STC_0159.smt2, 1.189971, Not SAT
/20220315-MathProblems/STC_0160.smt2, 0.150157, SAT, x = -76 y = -51 z = 83 
/20220315-MathProblems/STC_0161.smt2, 0.424115, SAT, x = -31 y = 20 z = 28 
/20220315-MathProblems/STC_0162.smt2, 0.461159, SAT, x = -21 y = -14 z = 23 
/20220315-MathProblems/STC_0163.smt2, 0.148357, SAT, x = -76 y = -68 z = 91 
/20220315-MathProblems/STC_0164.smt2, 0.197557, SAT, x = -66 y = -59 z = 79 
/20220315-MathProblems/STC_0165.smt2, 1.187049, Not SAT
/20220315-MathProblems/STC_0166.smt2, 1.199017, Not SAT
/20220315-MathProblems/STC_0167.smt2, 1.148308, Not SAT
/20220315-MathProblems/STC_0168.smt2, 0.416542, SAT, x = -28 y = -22 z = 32 
/20220315-MathProblems/STC_0169.smt2, 0.540793, SAT, x = -7 y = 0 z = 8 
/20220315-MathProblems/STC_0170.smt2, 0.358825, SAT, x = -38 y = 23 z = 35 
/20220315-MathProblems/STC_0171.smt2, 0.080414, SAT, x = -87 y = 67 z = 71 
/20220315-MathProblems/STC_0172.smt2, 1.148336, Not SAT
/20220315-MathProblems/STC_0173.smt2, 1.161986, Not SAT
/20220315-MathProblems/STC_0174.smt2, 0.355515, SAT, x = -41 y = 31 z = 34 
/20220315-MathProblems/STC_0175.smt2, 1.150845, Not SAT
/20220315-MathProblems/STC_0176.smt2, 1.182096, Not SAT
/20220315-MathProblems/STC_0177.smt2, 0.544657, SAT, x = -7 y = 2 z = 8 
/20220315-MathProblems/STC_0178.smt2, 0.503295, SAT, x = -13 y = -10 z = 15 
/20220315-MathProblems/STC_0179.smt2, 0.576941, SAT, x = -4 y = 3 z = 6 
/20220315-MathProblems/STC_0180.smt2, 1.190013, Not SAT
/20220315-MathProblems/STC_0181.smt2, 0.250057, SAT, x = -59 y = -32 z = 62 
/20220315-MathProblems/STC_0182.smt2, 0.075924, SAT, x = -90 y = -29 z = 91 
/20220315-MathProblems/STC_0183.smt2, 0.474078, SAT, x = -17 y = 10 z = 16 
/20220315-MathProblems/STC_0184.smt2, 1.155277, Not SAT
/20220315-MathProblems/STC_0185.smt2, 1.202474, Not SAT
/20220315-MathProblems/STC_0186.smt2, 0.567998, SAT, x = -4 y = 5 z = 5 
/20220315-MathProblems/STC_0187.smt2, 0.262960, SAT, x = -58 y = 27 z = 56 
/20220315-MathProblems/STC_0188.smt2, 0.158658, SAT, x = -74 y = -55 z = 83 
/20220315-MathProblems/STC_0189.smt2, 0.232599, SAT, x = -63 y = -29 z = 65 
/20220315-MathProblems/STC_0190.smt2, 0.067007, SAT, x = -89 y = 36 z = 87 
/20220315-MathProblems/STC_0191.smt2, 0.125213, SAT, x = -80 y = 63 z = 64 
/20220315-MathProblems/STC_0192.smt2, 0.463455, SAT, x = -20 y = 16 z = 16 
/20220315-MathProblems/STC_0193.smt2, 1.191423, Not SAT
/20220315-MathProblems/STC_0194.smt2, 1.164928, Not SAT
/20220315-MathProblems/STC_0195.smt2, 1.151590, Not SAT
/20220315-MathProblems/STC_0196.smt2, 0.385382, SAT, x = -34 y = -15 z = 35 
/20220315-MathProblems/STC_0197.smt2, 0.532014, SAT, x = -10 y = -10 z = 13 
/20220315-MathProblems/STC_0198.smt2, 0.308539, SAT, x = -48 y = -19 z = 49 
/20220315-MathProblems/STC_0199.smt2, 0.157899, SAT, x = -73 y = -47 z = 79 
/20220315-MathProblems/STC_0200.smt2, 0.567535, SAT, x = -2 y = -2 z = 6 
/20220315-MathProblems/STC_0201.smt2, 1.165519, Not SAT
/20220315-MathProblems/STC_0202.smt2, 1.200962, Not SAT
/20220315-MathProblems/STC_0203.smt2, 1.160351, Not SAT
/20220315-MathProblems/STC_0204.smt2, 0.501867, SAT, x = -13 y = -7 z = 14 
/20220315-MathProblems/STC_0205.smt2, 0.470471, SAT, x = -19 y = -13 z = 21 
/20220315-MathProblems/STC_0206.smt2, 0.399381, SAT, x = -33 y = 15 z = 32 
/20220315-MathProblems/STC_0207.smt2, 0.424393, SAT, x = -29 y = 17 z = 27 
/20220315-MathProblems/STC_0208.smt2, 0.579873, SAT, x = -2 y = 0 z = 6 
/20220315-MathProblems/STC_0209.smt2, 0.035430, SAT, x = -95 y = 30 z = 94 
/20220315-MathProblems/STC_0210.smt2, 0.552775, SAT, x = -5 y = -2 z = 7 
/20220315-MathProblems/STC_0211.smt2, 1.151216, Not SAT
/20220315-MathProblems/STC_0212.smt2, 1.182080, Not SAT
/20220315-MathProblems/STC_0213.smt2, 1.170810, Not SAT
/20220315-MathProblems/STC_0214.smt2, 0.564761, SAT, x = -1 y = -1 z = 6 
/20220315-MathProblems/STC_0215.smt2, 0.554411, SAT, x = -4 y = -4 z = 7 
/20220315-MathProblems/STC_0216.smt2, 0.003940, SAT, x = -100 y = 6 z = 100 
/20220315-MathProblems/STC_0217.smt2, 0.550894, SAT, x = -8 y = 0 z = 9 
/20220315-MathProblems/STC_0218.smt2, 0.166865, SAT, x = -75 y = 58 z = 61 
/20220315-MathProblems/STC_0219.smt2, 0.550609, SAT, x = -5 y = 1 z = 7 
/20220315-MathProblems/STC_0220.smt2, 1.168154, Not SAT
/20220315-MathProblems/STC_0221.smt2, 1.192935, Not SAT
/20220315-MathProblems/STC_0222.smt2, 0.362927, SAT, x = -37 y = 20 z = 35 
/20220315-MathProblems/STC_0223.smt2, 0.446204, SAT, x = -25 y = -12 z = 26 
/20220315-MathProblems/STC_0224.smt2, 0.391382, SAT, x = -34 y = 26 z = 28 
/20220315-MathProblems/STC_0225.smt2, 0.309040, SAT, x = -48 y = -31 z = 52 
/20220315-MathProblems/STC_0226.smt2, 0.437963, SAT, x = -27 y = 21 z = 22 
/20220315-MathProblems/STC_0227.smt2, 1.161952, Not SAT
/20220315-MathProblems/STC_0228.smt2, 1.174362, Not SAT
/20220315-MathProblems/STC_0229.smt2, 1.164135, Not SAT
/20220315-MathProblems/STC_0230.smt2, 1.153437, Not SAT
/20220315-MathProblems/STC_0231.smt2, 1.146555, Not SAT
/20220315-MathProblems/STC_0232.smt2, 0.360828, SAT, x = -40 y = 17 z = 39 
/20220315-MathProblems/STC_0233.smt2, 0.422511, SAT, x = -31 y = -14 z = 32 
/20220315-MathProblems/STC_0234.smt2, 1.202596, Not SAT
/20220315-MathProblems/STC_0235.smt2, 0.072084, SAT, x = -88 y = -53 z = 94 
/20220315-MathProblems/STC_0236.smt2, 1.168165, Not SAT
/20220315-MathProblems/STC_0237.smt2, 1.173145, Not SAT
/20220315-MathProblems/STC_0238.smt2, 1.179271, Not SAT
/20220315-MathProblems/STC_0239.smt2, 1.234675, Not SAT
/20220315-MathProblems/STC_0240.smt2, 0.456690, SAT, x = -28 y = -13 z = 29 
/20220315-MathProblems/STC_0241.smt2, 0.526505, SAT, x = -10 y = 8 z = 9 
/20220315-MathProblems/STC_0242.smt2, 0.131580, SAT, x = -81 y = 27 z = 80 
/20220315-MathProblems/STC_0243.smt2, 0.601534, SAT, x = 0 y = 3 z = 6 
/20220315-MathProblems/STC_0244.smt2, 0.111926, SAT, x = -81 y = -27 z = 82 
/20220315-MathProblems/STC_0245.smt2, 0.560927, SAT, x = -5 y = 3 z = 7 
/20220315-MathProblems/STC_0246.smt2, 0.364504, SAT, x = -38 y = -29 z = 43 
/20220315-MathProblems/STC_0247.smt2, 1.180025, Not SAT
/20220315-MathProblems/STC_0248.smt2, 1.183418, Not SAT
/20220315-MathProblems/STC_0249.smt2, 0.576918, SAT, x = -1 y = 5 z = 5 
/20220315-MathProblems/STC_0250.smt2, 0.414334, SAT, x = -30 y = -25 z = 35 
/20220315-MathProblems/STC_0251.smt2, 0.072266, SAT, x = -90 y = 54 z = 83 
/20220315-MathProblems/STC_0252.smt2, 0.363806, SAT, x = -41 y = -28 z = 45 
/20220315-MathProblems/STC_0253.smt2, 0.203237, SAT, x = -68 y = -24 z = 69 
/20220315-MathProblems/STC_0254.smt2, 0.344966, SAT, x = -41 y = -17 z = 42 
/20220315-MathProblems/STC_0255.smt2, 1.157344, Not SAT
/20220315-MathProblems/STC_0256.smt2, 1.194841, Not SAT
/20220315-MathProblems/STC_0257.smt2, 1.132369, Not SAT
/20220315-MathProblems/STC_0258.smt2, 0.629668, SAT, x = 2 y = 5 z = 5 
/20220315-MathProblems/STC_0259.smt2, 0.332691, SAT, x = -42 y = -37 z = 50 
/20220315-MathProblems/STC_0260.smt2, 0.491047, SAT, x = -15 y = -13 z = 18 
/20220315-MathProblems/STC_0261.smt2, 0.258169, SAT, x = -56 y = 30 z = 53 
/20220315-MathProblems/STC_0262.smt2, 0.543412, SAT, x = -5 y = -5 z = 8 
/20220315-MathProblems/STC_0263.smt2, 0.357671, SAT, x = -39 y = 31 z = 31 
/20220315-MathProblems/STC_0264.smt2, 1.183508, Not SAT
/20220315-MathProblems/STC_0265.smt2, 1.168576, Not SAT
/20220315-MathProblems/STC_0266.smt2, 1.149978, Not SAT
/20220315-MathProblems/STC_0267.smt2, 0.539309, SAT, x = -10 y = -4 z = 11 
/20220315-MathProblems/STC_0268.smt2, 1.192058, Not SAT
/20220315-MathProblems/STC_0269.smt2, 0.110136, SAT, x = -83 y = -40 z = 86 
/20220315-MathProblems/STC_0270.smt2, 0.285269, SAT, x = -51 y = 40 z = 41 
/20220315-MathProblems/STC_0271.smt2, 0.539820, SAT, x = -9 y = 0 z = 10 
/20220315-MathProblems/STC_0272.smt2, 0.530509, SAT, x = -12 y = 10 z = 10 
/20220315-MathProblems/STC_0273.smt2, 1.165226, Not SAT
/20220315-MathProblems/STC_0274.smt2, 1.162574, Not SAT
/20220315-MathProblems/STC_0275.smt2, 1.184762, Not SAT
/20220315-MathProblems/STC_0276.smt2, 1.148081, Not SAT
/20220315-MathProblems/STC_0277.smt2, 0.562638, SAT, x = -4 y = 5 z = 6 
/20220315-MathProblems/STC_0278.smt2, 0.568238, SAT, x = -4 y = -1 z = 7 
/20220315-MathProblems/STC_0279.smt2, 0.477361, SAT, x = -16 y = 10 z = 15 
/20220315-MathProblems/STC_0280.smt2, 0.433808, SAT, x = -26 y = -16 z = 28 
/20220315-MathProblems/STC_0281.smt2, 0.087165, SAT, x = -89 y = 45 z = 85 
/20220315-MathProblems/STC_0282.smt2, 0.567980, SAT, x = -5 y = 4 z = 7 
/20220315-MathProblems/STC_0283.smt2, 1.166803, Not SAT
/20220315-MathProblems/STC_0284.smt2, 1.156424, Not SAT
/20220315-MathProblems/STC_0285.smt2, 1.155095, Not SAT
/20220315-MathProblems/STC_0286.smt2, 1.179116, Not SAT
/20220315-MathProblems/STC_0287.smt2, 0.070011, SAT, x = -88 y = -56 z = 95 
/20220315-MathProblems/STC_0288.smt2, 0.190638, SAT, x = -72 y = 25 z = 71 
/20220315-MathProblems/STC_0289.smt2, 0.575267, SAT, x = -3 y = -3 z = 7 
/20220315-MathProblems/STC_0290.smt2, 1.201226, Not SAT
/20220315-MathProblems/STC_0291.smt2, 1.317278, Not SAT
/20220315-MathProblems/STC_0292.smt2, 1.174174, Not SAT
/20220315-MathProblems/STC_0293.smt2, 1.183308, Not SAT
/20220315-MathProblems/STC_0294.smt2, 0.534953, SAT, x = -7 y = 5 z = 8 
/20220315-MathProblems/STC_0295.smt2, 0.525344, SAT, x = -9 y = 8 z = 8 
/20220315-MathProblems/STC_0296.smt2, 0.533929, SAT, x = -6 y = 0 z = 8 
/20220315-MathProblems/STC_0297.smt2, 0.551557, SAT, x = -6 y = -6 z = 9 
/20220315-MathProblems/STC_0298.smt2, 0.475419, SAT, x = -18 y = -9 z = 19 
/20220315-MathProblems/STC_0299.smt2, 1.143593, Not SAT
/20220315-MathProblems/STC_0300.smt2, 0.237026, SAT, x = -59 y = 34 z = 55 
/20220315-MathProblems/STC_0301.smt2, 1.195557, Not SAT
/20220315-MathProblems/STC_0302.smt2, 1.163982, Not SAT
/20220315-MathProblems/STC_0303.smt2, 0.306638, SAT, x = -49 y = 32 z = 44 
/20220315-MathProblems/STC_0304.smt2, 0.284927, SAT, x = -54 y = 32 z = 50 
/20220315-MathProblems/STC_0305.smt2, 0.479345, SAT, x = -16 y = -8 z = 17 
/20220315-MathProblems/STC_0306.smt2, 0.220699, SAT, x = -67 y = 42 z = 61 
/20220315-MathProblems/STC_0307.smt2, 0.298060, SAT, x = -53 y = 40 z = 44 
/20220315-MathProblems/STC_0308.smt2, 0.560449, SAT, x = -3 y = -2 z = 7 
/20220315-MathProblems/STC_0309.smt2, 0.406121, SAT, x = -32 y = -26 z = 37 
/20220315-MathProblems/STC_0310.smt2, 1.198122, Not SAT
/20220315-MathProblems/STC_0311.smt2, 1.146639, Not SAT
/20220315-MathProblems/STC_0312.smt2, 1.189421, Not SAT
/20220315-MathProblems/STC_0313.smt2, 0.373054, SAT, x = -36 y = -28 z = 41 
/20220315-MathProblems/STC_0314.smt2, 0.210654, SAT, x = -64 y = -23 z = 65 
/20220315-MathProblems/STC_0315.smt2, 0.372952, SAT, x = -36 y = 16 z = 35 
/20220315-MathProblems/STC_0316.smt2, 0.264818, SAT, x = -56 y = -21 z = 57 
/20220315-MathProblems/STC_0317.smt2, 0.547612, SAT, x = -3 y = 1 z = 7 
/20220315-MathProblems/STC_0318.smt2, 1.156456, Not SAT
/20220315-MathProblems/STC_0319.smt2, 1.143917, Not SAT
/20220315-MathProblems/STC_0320.smt2, 1.226381, Not SAT
/20220315-MathProblems/STC_0321.smt2, 1.196759, Not SAT
/20220315-MathProblems/STC_0322.smt2, 0.572536, SAT, x = -7 y = -4 z = 9 
/20220315-MathProblems/STC_0323.smt2, 0.395665, SAT, x = -34 y = 19 z = 32 
/20220315-MathProblems/STC_0324.smt2, 0.379648, SAT, x = -33 y = 21 z = 30 
/20220315-MathProblems/STC_0325.smt2, 0.236372, SAT, x = -59 y = -41 z = 65 
/20220315-MathProblems/STC_0326.smt2, 0.440446, SAT, x = -23 y = -11 z = 24 
/20220315-MathProblems/STC_0327.smt2, 0.556866, SAT, x = -2 y = -2 z = 7 
/20220315-MathProblems/STC_0328.smt2, 1.159820, Not SAT
/20220315-MathProblems/STC_0329.smt2, 1.159655, Not SAT
/20220315-MathProblems/STC_0330.smt2, 0.514008, SAT, x = -10 y = -1 z = 11 
/20220315-MathProblems/STC_0331.smt2, 0.494643, SAT, x = -13 y = -6 z = 14 
/20220315-MathProblems/STC_0332.smt2, 0.379618, SAT, x = -34 y = -27 z = 39 
/20220315-MathProblems/STC_0333.smt2, 0.152380, SAT, x = -74 y = 45 z = 68 
/20220315-MathProblems/STC_0334.smt2, 0.573115, SAT, x = -2 y = -1 z = 7 
/20220315-MathProblems/STC_0335.smt2, 0.516403, SAT, x = -9 y = 4 z = 10 
/20220315-MathProblems/STC_0336.smt2, 0.589751, SAT, x = -2 y = 1 z = 7 
/20220315-MathProblems/STC_0337.smt2, 1.183942, Not SAT
/20220315-MathProblems/STC_0338.smt2, 1.142083, Not SAT
/20220315-MathProblems/STC_0339.smt2, 0.108196, SAT, x = -82 y = -61 z = 92 
/20220315-MathProblems/STC_0340.smt2, 0.598233, SAT, x = -1 y = 5 z = 6 
/20220315-MathProblems/STC_0341.smt2, 0.250261, SAT, x = -58 y = -35 z = 62 
/20220315-MathProblems/STC_0342.smt2, 0.424001, SAT, x = -25 y = -24 z = 31 
/20220315-MathProblems/STC_0343.smt2, 0.003903, SAT, x = -100 y = 7 z = 100 
/20220315-MathProblems/STC_0344.smt2, 0.430128, SAT, x = -26 y = 16 z = 24 
/20220315-MathProblems/STC_0345.smt2, 0.578510, SAT, x = 1 y = 1 z = 7 
/20220315-MathProblems/STC_0346.smt2, 1.182073, Not SAT
/20220315-MathProblems/STC_0347.smt2, 1.169401, Not SAT
/20220315-MathProblems/STC_0348.smt2, 1.172907, Not SAT
/20220315-MathProblems/STC_0349.smt2, 0.287993, SAT, x = -51 y = 20 z = 50 
/20220315-MathProblems/STC_0350.smt2, 0.239823, SAT, x = -61 y = 28 z = 59 
/20220315-MathProblems/STC_0351.smt2, 0.158781, SAT, x = -73 y = -44 z = 78 
/20220315-MathProblems/STC_0352.smt2, 0.502306, SAT, x = -14 y = -10 z = 16 
/20220315-MathProblems/STC_0353.smt2, 1.224637, Not SAT
/20220315-MathProblems/STC_0354.smt2, 0.510653, SAT, x = -11 y = -8 z = 13 
/20220315-MathProblems/STC_0355.smt2, 1.141422, Not SAT
/20220315-MathProblems/STC_0356.smt2, 1.177788, Not SAT
/20220315-MathProblems/STC_0357.smt2, 1.189361, Not SAT
/20220315-MathProblems/STC_0358.smt2, 0.072064, SAT, x = -90 y = 29 z = 89 
/20220315-MathProblems/STC_0359.smt2, 0.544501, SAT, x = -7 y = -3 z = 9 
/20220315-MathProblems/STC_0360.smt2, 0.251498, SAT, x = -62 y = -33 z = 65 
/20220315-MathProblems/STC_0361.smt2, 0.034800, SAT, x = -95 y = -30 z = 96 
/20220315-MathProblems/STC_0362.smt2, 0.583450, SAT, x = -2 y = 3 z = 7 
/20220315-MathProblems/STC_0363.smt2, 0.533150, SAT, x = -8 y = -5 z = 10 
/20220315-MathProblems/STC_0364.smt2, 1.154498, Not SAT
/20220315-MathProblems/STC_0365.smt2, 1.160359, Not SAT
/20220315-MathProblems/STC_0366.smt2, 1.155564, Not SAT
/20220315-MathProblems/STC_0367.smt2, 1.178934, Not SAT
/20220315-MathProblems/STC_0368.smt2, 0.248296, SAT, x = -58 y = 38 z = 52 
/20220315-MathProblems/STC_0369.smt2, 0.059214, SAT, x = -92 y = 42 z = 89 
/20220315-MathProblems/STC_0370.smt2, 0.549614, SAT, x = -11 y = -3 z = 12 
/20220315-MathProblems/STC_0371.smt2, 0.612062, SAT, x = 1 y = 3 z = 7 
/20220315-MathProblems/STC_0372.smt2, 0.339344, SAT, x = -47 y = 19 z = 46 
/20220315-MathProblems/STC_0373.smt2, 1.133246, Not SAT
/20220315-MathProblems/STC_0374.smt2, 1.141408, Not SAT
/20220315-MathProblems/STC_0375.smt2, 0.447499, SAT, x = -25 y = 20 z = 20 
/20220315-MathProblems/STC_0376.smt2, 0.231586, SAT, x = -60 y = -28 z = 62 
/20220315-MathProblems/STC_0377.smt2, 0.451047, SAT, x = -24 y = -15 z = 26 
/20220315-MathProblems/STC_0378.smt2, 0.495574, SAT, x = -15 y = -7 z = 16 
/20220315-MathProblems/STC_0379.smt2, 0.027388, SAT, x = -96 y = -44 z = 99 
/20220315-MathProblems/STC_0380.smt2, 0.561525, SAT, x = -3 y = 4 z = 7 
/20220315-MathProblems/STC_0381.smt2, 0.258771, SAT, x = -59 y = 22 z = 58 
/20220315-MathProblems/STC_0382.smt2, 1.187959, Not SAT
/20220315-MathProblems/STC_0383.smt2, 1.182297, Not SAT
/20220315-MathProblems/STC_0384.smt2, 0.303848, SAT, x = -52 y = -46 z = 62 
/20220315-MathProblems/STC_0385.smt2, 0.226198, SAT, x = -63 y = -40 z = 68 
/20220315-MathProblems/STC_0386.smt2, 0.522837, SAT, x = -9 y = -6 z = 11 
/20220315-MathProblems/STC_0387.smt2, 0.453333, SAT, x = -21 y = -10 z = 22 
/20220315-MathProblems/STC_0388.smt2, 0.544670, SAT, x = -6 y = -5 z = 9 
/20220315-MathProblems/STC_0389.smt2, 0.167897, SAT, x = -71 y = 31 z = 69 
/20220315-MathProblems/STC_0390.smt2, 1.157486, Not SAT
/20220315-MathProblems/STC_0391.smt2, 1.287813, Not SAT
/20220315-MathProblems/STC_0392.smt2, 1.205227, Not SAT
/20220315-MathProblems/STC_0393.smt2, 0.028725, SAT, x = -97 y = 77 z = 77 
/20220315-MathProblems/STC_0394.smt2, 0.546268, SAT, x = -7 y = 2 z = 9 
/20220315-MathProblems/STC_0395.smt2, 0.473597, SAT, x = -19 y = -17 z = 23 
/20220315-MathProblems/STC_0396.smt2, 0.442757, SAT, x = -25 y = 13 z = 24 
/20220315-MathProblems/STC_0397.smt2, 0.326595, SAT, x = -46 y = -35 z = 52 
/20220315-MathProblems/STC_0398.smt2, 0.396032, SAT, x = -32 y = 15 z = 31 
/20220315-MathProblems/STC_0399.smt2, 0.567739, SAT, x = -2 y = 4 z = 7 
/20220315-MathProblems/STC_0400.smt2, 1.156361, Not SAT
/20220315-MathProblems/STC_0401.smt2, 1.170352, Not SAT
/20220315-MathProblems/STC_0402.smt2, 1.158092, Not SAT
/20220315-MathProblems/STC_0403.smt2, 1.173279, Not SAT
/20220315-MathProblems/STC_0404.smt2, 0.551160, SAT, x = -4 y = 5 z = 7 
/20220315-MathProblems/STC_0405.smt2, 0.488200, SAT, x = -16 y = -11 z = 18 
/20220315-MathProblems/STC_0406.smt2, 0.392028, SAT, x = -35 y = -15 z = 36 
/20220315-MathProblems/STC_0407.smt2, 0.164392, SAT, x = -74 y = -41 z = 78 
/20220315-MathProblems/STC_0408.smt2, 0.599943, SAT, x = 1 y = 4 z = 7 
/20220315-MathProblems/STC_0409.smt2, 1.178556, Not SAT
/20220315-MathProblems/STC_0410.smt2, 1.132207, Not SAT
/20220315-MathProblems/STC_0411.smt2, 0.315812, SAT, x = -46 y = 35 z = 38 
/20220315-MathProblems/STC_0412.smt2, 0.476062, SAT, x = -19 y = -9 z = 20 
/20220315-MathProblems/STC_0413.smt2, 0.346938, SAT, x = -43 y = 18 z = 42 
/20220315-MathProblems/STC_0414.smt2, 0.421588, SAT, x = -29 y = -13 z = 30 
/20220315-MathProblems/STC_0415.smt2, 0.521651, SAT, x = -14 y = -6 z = 15 
/20220315-MathProblems/STC_0416.smt2, 1.228377, Not SAT
/20220315-MathProblems/STC_0417.smt2, 1.202104, Not SAT
/20220315-MathProblems/STC_0418.smt2, 1.164394, Not SAT
/20220315-MathProblems/STC_0419.smt2, 1.167924, Not SAT
/20220315-MathProblems/STC_0420.smt2, 1.159974, Not SAT
/20220315-MathProblems/STC_0421.smt2, 0.202803, SAT, x = -67 y = 44 z = 60 
/20220315-MathProblems/STC_0422.smt2, 0.535320, SAT, x = -13 y = -5 z = 14 
/20220315-MathProblems/STC_0423.smt2, 0.427949, SAT, x = -26 y = 18 z = 23 
/20220315-MathProblems/STC_0424.smt2, 0.283529, SAT, x = -51 y = -29 z = 54 
/20220315-MathProblems/STC_0425.smt2, 0.403071, SAT, x = -32 y = -14 z = 33 
/20220315-MathProblems/STC_0426.smt2, 0.038986, SAT, x = -95 y = -38 z = 97 
/20220315-MathProblems/STC_0427.smt2, 1.177471, Not SAT
/20220315-MathProblems/STC_0428.smt2, 1.161222, Not SAT
/20220315-MathProblems/STC_0429.smt2, 1.162354, Not SAT
/20220315-MathProblems/STC_0430.smt2, 0.415583, SAT, x = -31 y = 18 z = 29 
/20220315-MathProblems/STC_0431.smt2, 0.569653, SAT, x = -1 y = 6 z = 6 
/20220315-MathProblems/STC_0432.smt2, 0.370754, SAT, x = -36 y = -30 z = 42 
/20220315-MathProblems/STC_0433.smt2, 0.019601, SAT, x = -99 y = 55 z = 93 
/20220315-MathProblems/STC_0434.smt2, 0.573341, SAT, x = -5 y = 6 z = 7 
/20220315-MathProblems/STC_0435.smt2, 1.162712, Not SAT
/20220315-MathProblems/STC_0436.smt2, 1.187651, Not SAT
/20220315-MathProblems/STC_0437.smt2, 1.142341, Not SAT
/20220315-MathProblems/STC_0438.smt2, 1.140935, Not SAT
/20220315-MathProblems/STC_0439.smt2, 1.171226, Not SAT
/20220315-MathProblems/STC_0440.smt2, 0.324965, SAT, x = -46 y = -46 z = 58 
/20220315-MathProblems/STC_0441.smt2, 0.492459, SAT, x = -14 y = -12 z = 17 
/20220315-MathProblems/STC_0442.smt2, 0.503407, SAT, x = -12 y = -3 z = 13 
/20220315-MathProblems/STC_0443.smt2, 0.152963, SAT, x = -77 y = -26 z = 78 
/20220315-MathProblems/STC_0444.smt2, 1.172476, Not SAT
/20220315-MathProblems/STC_0445.smt2, 1.171241, Not SAT
/20220315-MathProblems/STC_0446.smt2, 1.147896, Not SAT
/20220315-MathProblems/STC_0447.smt2, 0.568447, SAT, x = -4 y = -1 z = 8 
/20220315-MathProblems/STC_0448.smt2, 0.050323, SAT, x = -94 y = 62 z = 84 
/20220315-MathProblems/STC_0449.smt2, 0.341559, SAT, x = -43 y = -41 z = 53 
/20220315-MathProblems/STC_0450.smt2, 0.557918, SAT, x = -7 y = 4 z = 9 
/20220315-MathProblems/STC_0451.smt2, 0.485538, SAT, x = -20 y = -13 z = 22 
/20220315-MathProblems/STC_0452.smt2, 1.136152, Not SAT
/20220315-MathProblems/STC_0453.smt2, 0.529644, SAT, x = -14 y = 10 z = 13 
/20220315-MathProblems/STC_0454.smt2, 1.148096, Not SAT
/20220315-MathProblems/STC_0455.smt2, 1.147227, Not SAT
/20220315-MathProblems/STC_0456.smt2, 0.149164, SAT, x = -76 y = 50 z = 68 
/20220315-MathProblems/STC_0457.smt2, 0.195793, SAT, x = -70 y = -31 z = 72 
/20220315-MathProblems/STC_0458.smt2, 0.422743, SAT, x = -27 y = -19 z = 30 
/20220315-MathProblems/STC_0459.smt2, 0.087921, SAT, x = -85 y = -60 z = 94 
/20220315-MathProblems/STC_0460.smt2, 0.573601, SAT, x = -2 y = 5 z = 7 
/20220315-MathProblems/STC_0461.smt2, 0.483755, SAT, x = -18 y = 13 z = 16 
/20220315-MathProblems/STC_0462.smt2, 1.200180, Not SAT
/20220315-MathProblems/STC_0463.smt2, 1.143485, Not SAT
/20220315-MathProblems/STC_0464.smt2, 1.159069, Not SAT
/20220315-MathProblems/STC_0465.smt2, 0.527968, SAT, x = -13 y = 11 z = 11 
/20220315-MathProblems/STC_0466.smt2, 0.362625, SAT, x = -39 y = 17 z = 38 
/20220315-MathProblems/STC_0467.smt2, 0.093737, SAT, x = -85 y = 56 z = 76 
/20220315-MathProblems/STC_0468.smt2, 0.119866, SAT, x = -80 y = -39 z = 83 
/20220315-MathProblems/STC_0469.smt2, 0.459933, SAT, x = -23 y = 15 z = 21 
/20220315-MathProblems/STC_0470.smt2, 0.441383, SAT, x = -24 y = -11 z = 25 
/20220315-MathProblems/STC_0471.smt2, 0.602572, SAT, x = 4 y = 4 z = 7 
/20220315-MathProblems/STC_0472.smt2, 1.258685, Not SAT
/20220315-MathProblems/STC_0473.smt2, 1.389073, Not SAT
/20220315-MathProblems/STC_0474.smt2, 0.504126, SAT, x = -16 y = -7 z = 17 
/20220315-MathProblems/STC_0475.smt2, 0.185706, SAT, x = -76 y = 26 z = 75 
/20220315-MathProblems/STC_0476.smt2, 0.297789, SAT, x = -49 y = 30 z = 45 
/20220315-MathProblems/STC_0477.smt2, 0.106051, SAT, x = -84 y = -35 z = 86 
/20220315-MathProblems/STC_0478.smt2, 1.178369, Not SAT
/20220315-MathProblems/STC_0479.smt2, 0.552731, SAT, x = -5 y = -5 z = 9 
/20220315-MathProblems/STC_0480.smt2, 0.601093, SAT, x = -8 y = -2 z = 10 
/20220315-MathProblems/STC_0481.smt2, 1.694141, Not SAT
/20220315-MathProblems/STC_0482.smt2, 1.681522, Not SAT
/20220315-MathProblems/STC_0483.smt2, 0.659444, SAT, x = -13 y = -4 z = 14 
/20220315-MathProblems/STC_0484.smt2, 0.583514, SAT, x = -27 y = 20 z = 23 
/20220315-MathProblems/STC_0485.smt2, 0.651659, SAT, x = -3 y = 0 z = 8 
/20220315-MathProblems/STC_0486.smt2, 0.576221, SAT, x = -6 y = -3 z = 9 
/20220315-MathProblems/STC_0487.smt2, 0.582595, SAT, x = -9 y = -8 z = 12 
/20220315-MathProblems/STC_0488.smt2, 0.238026, SAT, x = -65 y = 49 z = 54 
/20220315-MathProblems/STC_0489.smt2, 0.470082, SAT, x = -29 y = -17 z = 31 
/20220315-MathProblems/STC_0490.smt2, 1.248344, Not SAT
/20220315-MathProblems/STC_0491.smt2, 1.311015, Not SAT
/20220315-MathProblems/STC_0492.smt2, 0.354784, SAT, x = -49 y = -19 z = 50 
/20220315-MathProblems/STC_0493.smt2, 0.427349, SAT, x = -34 y = -19 z = 36 
/20220315-MathProblems/STC_0494.smt2, 1.279721, Not SAT
/20220315-MathProblems/STC_0495.smt2, 0.099901, SAT, x = -86 y = -28 z = 87 
/20220315-MathProblems/STC_0496.smt2, 0.097828, SAT, x = -86 y = 44 z = 82 
/20220315-MathProblems/STC_0497.smt2, 0.223745, SAT, x = -68 y = -42 z = 73 
/20220315-MathProblems/STC_0498.smt2, 1.299157, Not SAT
/20220315-MathProblems/STC_0499.smt2, 1.430841, Not SAT
/20220315-MathProblems/STC_0500.smt2, 1.669517, Not SAT
/20220315-MathProblems/STC_0501.smt2, 1.553927, Not SAT
/20220315-MathProblems/STC_0502.smt2, 1.581828, Not SAT
/20220315-MathProblems/STC_0503.smt2, 0.141131, SAT, x = -78 y = -49 z = 84 
/20220315-MathProblems/STC_0504.smt2, 0.609332, SAT, x = -12 y = -8 z = 14 
/20220315-MathProblems/STC_0505.smt2, 0.419499, SAT, x = -39 y = -27 z = 43 
/20220315-MathProblems/STC_0506.smt2, 0.372292, SAT, x = -42 y = -17 z = 43 
/20220315-MathProblems/STC_0507.smt2, 1.263200, Not SAT
/20220315-MathProblems/STC_0508.smt2, 1.229252, Not SAT
/20220315-MathProblems/STC_0509.smt2, 1.341218, Not SAT
/20220315-MathProblems/STC_0510.smt2, 0.683172, SAT, x = -1 y = -1 z = 8 
/20220315-MathProblems/STC_0511.smt2, 0.005636, SAT, x = -100 y = 39 z = 98 
/20220315-MathProblems/STC_0512.smt2, 0.004005, SAT, x = -100 y = 8 z = 100 
/20220315-MathProblems/STC_0513.smt2, 0.372025, SAT, x = -48 y = -42 z = 57 
/20220315-MathProblems/STC_0514.smt2, 0.515637, SAT, x = -17 y = 11 z = 16 
/20220315-MathProblems/STC_0515.smt2, 0.596469, SAT, x = -18 y = -8 z = 19 
/20220315-MathProblems/STC_0516.smt2, 1.223176, Not SAT
/20220315-MathProblems/STC_0517.smt2, 1.446658, Not SAT
/20220315-MathProblems/STC_0518.smt2, 1.453032, Not SAT
/20220315-MathProblems/STC_0519.smt2, 0.511424, SAT, x = -40 y = -34 z = 47 
/20220315-MathProblems/STC_0520.smt2, 0.539353, SAT, x = -13 y = -3 z = 14 
/20220315-MathProblems/STC_0521.smt2, 0.246162, SAT, x = -62 y = -55 z = 74 
/20220315-MathProblems/STC_0522.smt2, 0.588191, SAT, x = -11 y = 5 z = 12 
/20220315-MathProblems/STC_0523.smt2, 0.572363, SAT, x = -11 y = -7 z = 13 
/20220315-MathProblems/STC_0524.smt2, 0.490313, SAT, x = -23 y = -21 z = 28 
/20220315-MathProblems/STC_0525.smt2, 0.493263, SAT, x = -35 y = 16 z = 34 
/20220315-MathProblems/STC_0526.smt2, 1.474535, Not SAT
/20220315-MathProblems/STC_0527.smt2, 1.518250, Not SAT
/20220315-MathProblems/STC_0528.smt2, 0.887493, SAT, x = 2 y = 2 z = 8 
/20220315-MathProblems/STC_0529.smt2, 0.689508, SAT, x = -16 y = -15 z = 20 
/20220315-MathProblems/STC_0530.smt2, 1.423353, Not SAT
/20220315-MathProblems/STC_0531.smt2, 0.119318, SAT, x = -93 y = -58 z = 100 
/20220315-MathProblems/STC_0532.smt2, 0.574598, SAT, x = -28 y = 19 z = 25 
/20220315-MathProblems/STC_0533.smt2, 0.552229, SAT, x = -12 y = 4 z = 13 
/20220315-MathProblems/STC_0534.smt2, 1.252844, Not SAT
/20220315-MathProblems/STC_0535.smt2, 1.328450, Not SAT
/20220315-MathProblems/STC_0536.smt2, 1.353825, Not SAT
/20220315-MathProblems/STC_0537.smt2, 0.116651, SAT, x = -85 y = 35 z = 83 
/20220315-MathProblems/STC_0538.smt2, 0.510818, SAT, x = -15 y = -10 z = 17 
/20220315-MathProblems/STC_0539.smt2, 0.324776, SAT, x = -45 y = 26 z = 42 
/20220315-MathProblems/STC_0540.smt2, 0.461598, SAT, x = -31 y = 22 z = 27 
/20220315-MathProblems/STC_0541.smt2, 0.405375, SAT, x = -35 y = 22 z = 32 
/20220315-MathProblems/STC_0542.smt2, 1.177047, Not SAT
/20220315-MathProblems/STC_0543.smt2, 1.316960, Not SAT
/20220315-MathProblems/STC_0544.smt2, 1.182673, Not SAT
/20220315-MathProblems/STC_0545.smt2, 1.194790, Not SAT
/20220315-MathProblems/STC_0546.smt2, 0.186752, SAT, x = -70 y = 41 z = 65 
/20220315-MathProblems/STC_0547.smt2, 0.526454, SAT, x = -13 y = 0 z = 14 
/20220315-MathProblems/STC_0548.smt2, 0.602111, SAT, x = -13 y = 1 z = 14 
/20220315-MathProblems/STC_0549.smt2, 0.327755, SAT, x = -45 y = 23 z = 43 
/20220315-MathProblems/STC_0550.smt2, 0.513526, SAT, x = -15 y = 12 z = 13 
/20220315-MathProblems/STC_0551.smt2, 0.586943, SAT, x = -2 y = 6 z = 7 
/20220315-MathProblems/STC_0552.smt2, 0.340748, SAT, x = -44 y = -38 z = 52 
/20220315-MathProblems/STC_0553.smt2, 1.230200, Not SAT
/20220315-MathProblems/STC_0554.smt2, 1.155121, Not SAT
/20220315-MathProblems/STC_0555.smt2, 0.516330, SAT, x = -13 y = 2 z = 14 
/20220315-MathProblems/STC_0556.smt2, 1.353741, Not SAT
/20220315-MathProblems/STC_0557.smt2, 0.245769, SAT, x = -67 y = 24 z = 66 
/20220315-MathProblems/STC_0558.smt2, 0.295572, SAT, x = -67 y = -63 z = 82 
/20220315-MathProblems/STC_0559.smt2, 0.737689, SAT, x = 0 y = 6 z = 7 
/20220315-MathProblems/STC_0560.smt2, 0.355897, SAT, x = -42 y = 22 z = 40 
/20220315-MathProblems/STC_0561.smt2, 0.572554, SAT, x = -5 y = 7 z = 7 
/20220315-MathProblems/STC_0562.smt2, 1.179450, Not SAT
/20220315-MathProblems/STC_0563.smt2, 1.235197, Not SAT
/20220315-MathProblems/STC_0564.smt2, 1.249059, Not SAT
/20220315-MathProblems/STC_0565.smt2, 0.470562, SAT, x = -21 y = 17 z = 17 
/20220315-MathProblems/STC_0566.smt2, 0.322619, SAT, x = -44 y = 35 z = 35 
/20220315-MathProblems/STC_0567.smt2, 0.341901, SAT, x = -42 y = -33 z = 48 
/20220315-MathProblems/STC_0568.smt2, 0.216863, SAT, x = -66 y = -44 z = 72 
/20220315-MathProblems/STC_0569.smt2, 0.138477, SAT, x = -77 y = -33 z = 79 
/20220315-MathProblems/STC_0570.smt2, 1.254906, Not SAT
/20220315-MathProblems/STC_0571.smt2, 1.154366, Not SAT
/20220315-MathProblems/STC_0572.smt2, 1.166103, Not SAT
/20220315-MathProblems/STC_0573.smt2, 0.220058, SAT, x = -64 y = 29 z = 62 
/20220315-MathProblems/STC_0574.smt2, 0.515524, SAT, x = -13 y = 3 z = 14 
/20220315-MathProblems/STC_0575.smt2, 0.490561, SAT, x = -17 y = 14 z = 14 
/20220315-MathProblems/STC_0576.smt2, 0.287358, SAT, x = -54 y = -26 z = 56 
/20220315-MathProblems/STC_0577.smt2, 0.545363, SAT, x = -6 y = 4 z = 9 
/20220315-MathProblems/STC_0578.smt2, 1.189023, Not SAT
/20220315-MathProblems/STC_0579.smt2, 1.184942, Not SAT
/20220315-MathProblems/STC_0580.smt2, 1.203933, Not SAT
/20220315-MathProblems/STC_0581.smt2, 1.307251, Not SAT
/20220315-MathProblems/STC_0582.smt2, 0.175981, SAT, x = -73 y = -25 z = 74 
/20220315-MathProblems/STC_0583.smt2, 1.196707, Not SAT
/20220315-MathProblems/STC_0584.smt2, 0.043643, SAT, x = -94 y = 58 z = 86 
/20220315-MathProblems/STC_0585.smt2, 0.359574, SAT, x = -39 y = -16 z = 40 
/20220315-MathProblems/STC_0586.smt2, 0.782900, SAT, x = 3 y = 6 z = 7 
/20220315-MathProblems/STC_0587.smt2, 0.293056, SAT, x = -53 y = -20 z = 54 
/20220315-MathProblems/STC_0588.smt2, 1.192509, Not SAT
/20220315-MathProblems/STC_0589.smt2, 1.181485, Not SAT
/20220315-MathProblems/STC_0590.smt2, 1.309371, Not SAT
/20220315-MathProblems/STC_0591.smt2, 1.378924, Not SAT
/20220315-MathProblems/STC_0592.smt2, 1.991468, Not SAT
/20220315-MathProblems/STC_0593.smt2, 0.945560, SAT, x = -7 y = -4 z = 10 
/20220315-MathProblems/STC_0594.smt2, 0.491646, SAT, x = -30 y = -13 z = 31 
/20220315-MathProblems/STC_0595.smt2, 0.135811, SAT, x = -77 y = -38 z = 80 
/20220315-MathProblems/STC_0596.smt2, 0.346748, SAT, x = -54 y = -41 z = 61 
/20220315-MathProblems/STC_0597.smt2, 1.430909, Not SAT
/20220315-MathProblems/STC_0598.smt2, 1.271867, Not SAT
/20220315-MathProblems/STC_0599.smt2, 1.407788, Not SAT
/20220315-MathProblems/STC_0600.smt2, 1.381556, Not SAT
/20220315-MathProblems/STC_0601.smt2, 0.369581, SAT, x = -51 y = -25 z = 53 
/20220315-MathProblems/STC_0602.smt2, 0.556885, SAT, x = -9 y = 0 z = 11 
/20220315-MathProblems/STC_0603.smt2, 0.584412, SAT, x = -12 y = 10 z = 11 
/20220315-MathProblems/STC_0604.smt2, 0.196845, SAT, x = -68 y = -35 z = 71 
/20220315-MathProblems/STC_0605.smt2, 0.571121, SAT, x = -5 y = 1 z = 9 
/20220315-MathProblems/STC_0606.smt2, 1.379241, Not SAT
/20220315-MathProblems/STC_0607.smt2, 1.486753, Not SAT
/20220315-MathProblems/STC_0608.smt2, 1.460160, Not SAT
/20220315-MathProblems/STC_0609.smt2, 1.378996, Not SAT
/20220315-MathProblems/STC_0610.smt2, 0.508992, SAT, x = -27 y = -16 z = 29 
/20220315-MathProblems/STC_0611.smt2, 0.558340, SAT, x = -13 y = 4 z = 14 
/20220315-MathProblems/STC_0612.smt2, 0.553773, SAT, x = -19 y = 15 z = 16 
/20220315-MathProblems/STC_0613.smt2, 0.595637, SAT, x = -11 y = 6 z = 12 
/20220315-MathProblems/STC_0614.smt2, 0.699523, SAT, x = -9 y = 7 z = 10 
/20220315-MathProblems/STC_0615.smt2, 0.068639, SAT, x = -89 y = -50 z = 94 
/20220315-MathProblems/STC_0616.smt2, 1.229086, Not SAT
/20220315-MathProblems/STC_0617.smt2, 1.309316, Not SAT
/20220315-MathProblems/STC_0618.smt2, 1.338456, Not SAT
/20220315-MathProblems/STC_0619.smt2, 0.407641, SAT, x = -33 y = 23 z = 29 
/20220315-MathProblems/STC_0620.smt2, 0.356220, SAT, x = -39 y = -37 z = 48 
/20220315-MathProblems/STC_0621.smt2, 1.170450, Not SAT
/20220315-MathProblems/STC_0622.smt2, 0.282782, SAT, x = -51 y = 33 z = 46 
/20220315-MathProblems/STC_0623.smt2, 0.295142, SAT, x = -51 y = 25 z = 49 
/20220315-MathProblems/STC_0624.smt2, 1.220560, Not SAT
/20220315-MathProblems/STC_0625.smt2, 1.270188, Not SAT
/20220315-MathProblems/STC_0626.smt2, 1.373082, Not SAT
/20220315-MathProblems/STC_0627.smt2, 1.470552, Not SAT
/20220315-MathProblems/STC_0628.smt2, 1.587125, Not SAT
/20220315-MathProblems/STC_0629.smt2, 0.581933, SAT, x = -27 y = -25 z = 33 
/20220315-MathProblems/STC_0630.smt2, 0.398393, SAT, x = -46 y = -27 z = 49 
/20220315-MathProblems/STC_0631.smt2, 0.581908, SAT, x = -14 y = 0 z = 15 
/20220315-MathProblems/STC_0632.smt2, 0.200977, SAT, x = -75 y = 43 z = 70 
/20220315-MathProblems/STC_0633.smt2, 1.318318, Not SAT
/20220315-MathProblems/STC_0634.smt2, 1.340346, Not SAT
/20220315-MathProblems/STC_0635.smt2, 1.276904, Not SAT
/20220315-MathProblems/STC_0636.smt2, 0.727050, SAT, x = -1 y = 5 z = 8 
/20220315-MathProblems/STC_0637.smt2, 0.562149, SAT, x = -27 y = 14 z = 26 
/20220315-MathProblems/STC_0638.smt2, 0.245046, SAT, x = -70 y = 35 z = 67 
/20220315-MathProblems/STC_0639.smt2, 0.241258, SAT, x = -73 y = 36 z = 70 
/20220315-MathProblems/STC_0640.smt2, 0.722272, SAT, x = -12 y = -12 z = 16 
/20220315-MathProblems/STC_0641.smt2, 1.469571, Not SAT
/20220315-MathProblems/STC_0642.smt2, 1.178296, Not SAT
/20220315-MathProblems/STC_0643.smt2, 1.192832, Not SAT
/20220315-MathProblems/STC_0644.smt2, 1.223650, Not SAT
/20220315-MathProblems/STC_0645.smt2, 0.563309, SAT, x = -7 y = -7 z = 11 
/20220315-MathProblems/STC_0646.smt2, 1.293725, Not SAT
/20220315-MathProblems/STC_0647.smt2, 0.546619, SAT, x = -12 y = -10 z = 15 
/20220315-MathProblems/STC_0648.smt2, 0.439256, SAT, x = -46 y = 19 z = 45 
/20220315-MathProblems/STC_0649.smt2, 0.334618, SAT, x = -50 y = 20 z = 49 
/20220315-MathProblems/STC_0650.smt2, 0.527288, SAT, x = -11 y = -6 z = 13 
/20220315-MathProblems/STC_0651.smt2, 1.234850, Not SAT
/20220315-MathProblems/STC_0652.smt2, 1.178340, Not SAT
/20220315-MathProblems/STC_0653.smt2, 1.167214, Not SAT
/20220315-MathProblems/STC_0654.smt2, 0.156703, SAT, x = -73 y = -73 z = 92 
/20220315-MathProblems/STC_0655.smt2, 0.315895, SAT, x = -46 y = -18 z = 47 
/20220315-MathProblems/STC_0656.smt2, 0.152972, SAT, x = -74 y = -37 z = 77 
/20220315-MathProblems/STC_0657.smt2, 0.169124, SAT, x = -71 y = -36 z = 74 
/20220315-MathProblems/STC_0658.smt2, 0.260476, SAT, x = -57 y = -21 z = 58 
/20220315-MathProblems/STC_0659.smt2, 0.489779, SAT, x = -17 y = 13 z = 15 
/20220315-MathProblems/STC_0660.smt2, 1.164521, Not SAT
/20220315-MathProblems/STC_0661.smt2, 1.160196, Not SAT
/20220315-MathProblems/STC_0662.smt2, 1.161269, Not SAT
/20220315-MathProblems/STC_0663.smt2, 1.186051, Not SAT
/20220315-MathProblems/STC_0664.smt2, 0.164759, SAT, x = -72 y = -64 z = 86 
/20220315-MathProblems/STC_0665.smt2, 0.353258, SAT, x = -42 y = 18 z = 41 
/20220315-MathProblems/STC_0666.smt2, 0.367300, SAT, x = -37 y = -20 z = 39 
/20220315-MathProblems/STC_0667.smt2, 0.203850, SAT, x = -69 y = -24 z = 70 
/20220315-MathProblems/STC_0668.smt2, 0.568524, SAT, x = -5 y = 4 z = 9 
/20220315-MathProblems/STC_0669.smt2, 0.509859, SAT, x = -11 y = 10 z = 10 
/20220315-MathProblems/STC_0670.smt2, 1.160365, Not SAT
/20220315-MathProblems/STC_0671.smt2, 1.147659, Not SAT
/20220315-MathProblems/STC_0672.smt2, 0.535449, SAT, x = -13 y = 5 z = 14 
/20220315-MathProblems/STC_0673.smt2, 0.516155, SAT, x = -12 y = -7 z = 14 
/20220315-MathProblems/STC_0674.smt2, 0.276791, SAT, x = -54 y = 21 z = 53 
/20220315-MathProblems/STC_0675.smt2, 0.547004, SAT, x = -3 y = -3 z = 9 
/20220315-MathProblems/STC_0676.smt2, 1.189102, Not SAT
/20220315-MathProblems/STC_0677.smt2, 1.173288, Not SAT
/20220315-MathProblems/STC_0678.smt2, 0.444918, SAT, x = -23 y = 13 z = 22 
/20220315-MathProblems/STC_0679.smt2, 1.159170, Not SAT
/20220315-MathProblems/STC_0680.smt2, 1.173098, Not SAT
/20220315-MathProblems/STC_0681.smt2, 0.553666, SAT, x = -7 y = 8 z = 8 
/20220315-MathProblems/STC_0682.smt2, 1.213542, Not SAT
/20220315-MathProblems/STC_0683.smt2, 0.418163, SAT, x = -30 y = 20 z = 27 
/20220315-MathProblems/STC_0684.smt2, 0.012466, SAT, x = -99 y = 31 z = 98 
/20220315-MathProblems/STC_0685.smt2, 0.215066, SAT, x = -67 y = 34 z = 64 
/20220315-MathProblems/STC_0686.smt2, 0.361185, SAT, x = -42 y = -35 z = 49 
/20220315-MathProblems/STC_0687.smt2, 0.591049, SAT, x = 1 y = 7 z = 7 
/20220315-MathProblems/STC_0688.smt2, 1.173394, Not SAT
/20220315-MathProblems/STC_0689.smt2, 1.184482, Not SAT
/20220315-MathProblems/STC_0690.smt2, 1.183409, Not SAT
/20220315-MathProblems/STC_0691.smt2, 1.145960, Not SAT
/20220315-MathProblems/STC_0692.smt2, 0.358364, SAT, x = -37 y = -26 z = 41 
/20220315-MathProblems/STC_0693.smt2, 0.265576, SAT, x = -56 y = 44 z = 45 
/20220315-MathProblems/STC_0694.smt2, 0.145966, SAT, x = -76 y = 37 z = 73 
/20220315-MathProblems/STC_0695.smt2, 0.370137, SAT, x = -35 y = -33 z = 43 
/20220315-MathProblems/STC_0696.smt2, 1.142887, Not SAT
/20220315-MathProblems/STC_0697.smt2, 1.181042, Not SAT
/20220315-MathProblems/STC_0698.smt2, 1.144745, Not SAT
/20220315-MathProblems/STC_0699.smt2, 0.227596, SAT, x = -61 y = -22 z = 62 
/20220315-MathProblems/STC_0700.smt2, 0.522883, SAT, x = -15 y = 11 z = 14 
/20220315-MathProblems/STC_0701.smt2, 0.340828, SAT, x = -42 y = -42 z = 53 
/20220315-MathProblems/STC_0702.smt2, 0.571532, SAT, x = -3 y = 0 z = 9 
/20220315-MathProblems/STC_0703.smt2, 0.494049, SAT, x = -17 y = -6 z = 18 
/20220315-MathProblems/STC_0704.smt2, 0.201209, SAT, x = -65 y = -23 z = 66 
/20220315-MathProblems/STC_0705.smt2, 1.182893, Not SAT
/20220315-MathProblems/STC_0706.smt2, 1.155404, Not SAT
/20220315-MathProblems/STC_0707.smt2, 1.160662, Not SAT
/20220315-MathProblems/STC_0708.smt2, 1.191404, Not SAT
/20220315-MathProblems/STC_0709.smt2, 0.417044, SAT, x = -28 y = -12 z = 29 
/20220315-MathProblems/STC_0710.smt2, 0.376348, SAT, x = -34 y = 25 z = 29 
/20220315-MathProblems/STC_0711.smt2, 0.390811, SAT, x = -36 y = 26 z = 31 
/20220315-MathProblems/STC_0712.smt2, 0.255228, SAT, x = -56 y = -37 z = 61 
/20220315-MathProblems/STC_0713.smt2, 0.393719, SAT, x = -33 y = 19 z = 31 
/20220315-MathProblems/STC_0714.smt2, 0.171130, SAT, x = -71 y = 25 z = 70 
/20220315-MathProblems/STC_0715.smt2, 1.166948, Not SAT
/20220315-MathProblems/STC_0716.smt2, 1.166184, Not SAT
/20220315-MathProblems/STC_0717.smt2, 1.141322, Not SAT
/20220315-MathProblems/STC_0718.smt2, 1.135910, Not SAT
/20220315-MathProblems/STC_0719.smt2, 1.175479, Not SAT
/20220315-MathProblems/STC_0720.smt2, 0.035360, SAT, x = -96 y = 38 z = 94 
/20220315-MathProblems/STC_0721.smt2, 0.499351, SAT, x = -15 y = 0 z = 16 
/20220315-MathProblems/STC_0722.smt2, 0.138653, SAT, x = -80 y = 27 z = 79 
/20220315-MathProblems/STC_0723.smt2, 0.136255, SAT, x = -77 y = 58 z = 64 
/20220315-MathProblems/STC_0724.smt2, 1.177001, Not SAT
/20220315-MathProblems/STC_0725.smt2, 1.149698, Not SAT
/20220315-MathProblems/STC_0726.smt2, 1.138870, Not SAT
/20220315-MathProblems/STC_0727.smt2, 0.438681, SAT, x = -25 y = -22 z = 30 
/20220315-MathProblems/STC_0728.smt2, 0.056711, SAT, x = -91 y = -60 z = 99 
/20220315-MathProblems/STC_0729.smt2, 0.004003, SAT, x = -100 y = 9 z = 100 
/20220315-MathProblems/STC_0730.smt2, 0.555154, SAT, x = -5 y = 7 z = 8 
/20220315-MathProblems/STC_0731.smt2, 0.578745, SAT, x = 1 y = 1 z = 9 
/20220315-MathProblems/STC_0732.smt2, 1.144475, Not SAT
/20220315-MathProblems/STC_0733.smt2, 1.191947, Not SAT
/20220315-MathProblems/STC_0734.smt2, 1.174914, Not SAT
/20220315-MathProblems/STC_0735.smt2, 1.234596, Not SAT
/20220315-MathProblems/STC_0736.smt2, 0.117897, SAT, x = -82 y = -27 z = 83 
/20220315-MathProblems/STC_0737.smt2, 0.608904, SAT, x = 0 y = 2 z = 9 
/20220315-MathProblems/STC_0738.smt2, 0.608151, SAT, x = 1 y = 2 z = 9 
/20220315-MathProblems/STC_0739.smt2, 0.425750, SAT, x = -32 y = 24 z = 27 
/20220315-MathProblems/STC_0740.smt2, 0.380441, SAT, x = -35 y = 24 z = 31 
/20220315-MathProblems/STC_0741.smt2, 0.538891, SAT, x = -11 y = -5 z = 13 
/20220315-MathProblems/STC_0742.smt2, 1.186716, Not SAT
/20220315-MathProblems/STC_0743.smt2, 1.145660, Not SAT
/20220315-MathProblems/STC_0744.smt2, 0.534434, SAT, x = -10 y = -10 z = 14 
/20220315-MathProblems/STC_0745.smt2, 0.595193, SAT, x = 2 y = 2 z = 9 
/20220315-MathProblems/STC_0746.smt2, 0.194529, SAT, x = -67 y = -30 z = 69 
/20220315-MathProblems/STC_0747.smt2, 1.141603, Not SAT
/20220315-MathProblems/STC_0748.smt2, 0.029277, SAT, x = -96 y = 61 z = 87 
/20220315-MathProblems/STC_0749.smt2, 0.470668, SAT, x = -20 y = -8 z = 21 
/20220315-MathProblems/STC_0750.smt2, 0.551667, SAT, x = -5 y = -5 z = 10 
/20220315-MathProblems/STC_0751.smt2, 1.158609, Not SAT
/20220315-MathProblems/STC_0752.smt2, 1.152959, Not SAT
/20220315-MathProblems/STC_0753.smt2, 0.479233, SAT, x = -16 y = -4 z = 17 
/20220315-MathProblems/STC_0754.smt2, 1.156127, Not SAT
/20220315-MathProblems/STC_0755.smt2, 0.529620, SAT, x = -10 y = 3 z = 12 
/20220315-MathProblems/STC_0756.smt2, 0.281881, SAT, x = -51 y = 39 z = 42 
/20220315-MathProblems/STC_0757.smt2, 0.544242, SAT, x = -6 y = -3 z = 10 
/20220315-MathProblems/STC_0758.smt2, 1.168383, Not SAT
/20220315-MathProblems/STC_0759.smt2, 0.101959, SAT, x = -83 y = 43 z = 79 
/20220315-MathProblems/STC_0760.smt2, 1.182843, Not SAT
/20220315-MathProblems/STC_0761.smt2, 1.146265, Not SAT
/20220315-MathProblems/STC_0762.smt2, 0.622498, SAT, x = 5 y = 5 z = 8 
/20220315-MathProblems/STC_0763.smt2, 0.499451, SAT, x = -13 y = 6 z = 14 
/20220315-MathProblems/STC_0764.smt2, 0.346118, SAT, x = -43 y = -17 z = 44 
/20220315-MathProblems/STC_0765.smt2, 1.187129, Not SAT
/20220315-MathProblems/STC_0766.smt2, 0.457544, SAT, x = -20 y = -19 z = 25 
/20220315-MathProblems/STC_0767.smt2, 1.150383, Not SAT
/20220315-MathProblems/STC_0768.smt2, 0.329803, SAT, x = -44 y = 28 z = 40 
/20220315-MathProblems/STC_0769.smt2, 1.346457, Not SAT
/20220315-MathProblems/STC_0770.smt2, 1.306459, Not SAT
/20220315-MathProblems/STC_0771.smt2, 0.281921, SAT, x = -52 y = -40 z = 59 
/20220315-MathProblems/STC_0772.smt2, 0.557531, SAT, x = -7 y = -6 z = 11 
/20220315-MathProblems/STC_0773.smt2, 0.042147, SAT, x = -94 y = 30 z = 93 
/20220315-MathProblems/STC_0774.smt2, 0.224468, SAT, x = -64 y = 33 z = 61 
/20220315-MathProblems/STC_0775.smt2, 0.309457, SAT, x = -50 y = 28 z = 47 
/20220315-MathProblems/STC_0776.smt2, 0.340952, SAT, x = -44 y = 34 z = 36 
/20220315-MathProblems/STC_0777.smt2, 1.206336, Not SAT
/20220315-MathProblems/STC_0778.smt2, 1.350334, Not SAT
/20220315-MathProblems/STC_0779.smt2, 1.671615, Not SAT
/20220315-MathProblems/STC_0780.smt2, 0.909980, SAT, x = -31 y = -13 z = 32 
/20220315-MathProblems/STC_0781.smt2, 1.938702, Not SAT
/20220315-MathProblems/STC_0782.smt2, 0.559442, SAT, x = -7 y = 5 z = 10 
/20220315-MathProblems/STC_0783.smt2, 0.235845, SAT, x = -60 y = 39 z = 54 
/20220315-MathProblems/STC_0784.smt2, 0.414850, SAT, x = -30 y = 18 z = 28 
/20220315-MathProblems/STC_0785.smt2, 0.431546, SAT, x = -26 y = -26 z = 33 
/20220315-MathProblems/STC_0786.smt2, 1.210939, Not SAT
/20220315-MathProblems/STC_0787.smt2, 1.173466, Not SAT
/20220315-MathProblems/STC_0788.smt2, 1.222150, Not SAT
/20220315-MathProblems/STC_0789.smt2, 1.188714, Not SAT
/20220315-MathProblems/STC_0790.smt2, 0.460077, SAT, x = -22 y = -9 z = 23 
/20220315-MathProblems/STC_0791.smt2, 0.095898, SAT, x = -84 y = -57 z = 92 
/20220315-MathProblems/STC_0792.smt2, 0.113298, SAT, x = -81 y = -47 z = 86 
/20220315-MathProblems/STC_0793.smt2, 0.443864, SAT, x = -26 y = 14 z = 25 
/20220315-MathProblems/STC_0794.smt2, 0.522900, SAT, x = -17 y = -5 z = 18 
/20220315-MathProblems/STC_0795.smt2, 1.153299, Not SAT
/20220315-MathProblems/STC_0796.smt2, 1.204449, Not SAT
/20220315-MathProblems/STC_0797.smt2, 1.419942, Not SAT
/20220315-MathProblems/STC_0798.smt2, 0.542418, SAT, x = -19 y = -7 z = 20 
/20220315-MathProblems/STC_0799.smt2, 1.373539, Not SAT
/20220315-MathProblems/STC_0800.smt2, 0.615605, SAT, x = -12 y = -6 z = 14 
/20220315-MathProblems/STC_0801.smt2, 0.546519, SAT, x = -24 y = -10 z = 25 
/20220315-MathProblems/STC_0802.smt2, 0.526505, SAT, x = -11 y = -4 z = 13 
/20220315-MathProblems/STC_0803.smt2, 0.140556, SAT, x = -77 y = -72 z = 94 
/20220315-MathProblems/STC_0804.smt2, 1.186280, Not SAT
/20220315-MathProblems/STC_0805.smt2, 1.153190, Not SAT
/20220315-MathProblems/STC_0806.smt2, 1.187410, Not SAT
/20220315-MathProblems/STC_0807.smt2, 0.109506, SAT, x = -82 y = -73 z = 98 
/20220315-MathProblems/STC_0808.smt2, 0.618450, SAT, x = -6 y = 8 z = 8 
/20220315-MathProblems/STC_0809.smt2, 0.136245, SAT, x = -79 y = 38 z = 76 
/20220315-MathProblems/STC_0810.smt2, 0.472281, SAT, x = -22 y = 13 z = 21 
/20220315-MathProblems/STC_0811.smt2, 0.511379, SAT, x = -44 y = -36 z = 51 
/20220315-MathProblems/STC_0812.smt2, 0.928767, SAT, x = -12 y = 7 z = 13 
/20220315-MathProblems/STC_0813.smt2, 1.683200, Not SAT
/20220315-MathProblems/STC_0814.smt2, 1.349293, Not SAT
/20220315-MathProblems/STC_0815.smt2, 1.293923, Not SAT
/20220315-MathProblems/STC_0816.smt2, 0.519541, SAT, x = -16 y = -1 z = 17 
/20220315-MathProblems/STC_0817.smt2, 0.539211, SAT, x = -16 y = 0 z = 17 
/20220315-MathProblems/STC_0818.smt2, 0.408521, SAT, x = -37 y = 23 z = 34 
/20220315-MathProblems/STC_0819.smt2, 0.417353, SAT, x = -35 y = -25 z = 39 
/20220315-MathProblems/STC_0820.smt2, 0.037472, SAT, x = -95 y = 43 z = 92 
/20220315-MathProblems/STC_0821.smt2, 1.259814, Not SAT
/20220315-MathProblems/STC_0822.smt2, 0.493039, SAT, x = -17 y = -17 z = 22 
/20220315-MathProblems/STC_0823.smt2, 1.205857, Not SAT
/20220315-MathProblems/STC_0824.smt2, 1.242104, Not SAT
/20220315-MathProblems/STC_0825.smt2, 0.453875, SAT, x = -40 y = -16 z = 41 
/20220315-MathProblems/STC_0826.smt2, 1.250308, Not SAT
/20220315-MathProblems/STC_0827.smt2, 0.350988, SAT, x = -40 y = -21 z = 42 
/20220315-MathProblems/STC_0828.smt2, 0.583152, SAT, x = -3 y = 7 z = 8 
/20220315-MathProblems/STC_0829.smt2, 1.572501, Not SAT
/20220315-MathProblems/STC_0830.smt2, 1.301664, Not SAT
/20220315-MathProblems/STC_0831.smt2, 0.571342, SAT, x = -8 y = 7 z = 10 
/20220315-MathProblems/STC_0832.smt2, 1.184620, Not SAT
/20220315-MathProblems/STC_0833.smt2, 1.206556, Not SAT
/20220315-MathProblems/STC_0834.smt2, 1.264825, Not SAT
/20220315-MathProblems/STC_0835.smt2, 0.542246, SAT, x = -13 y = -7 z = 15 
/20220315-MathProblems/STC_0836.smt2, 1.207208, Not SAT
/20220315-MathProblems/STC_0837.smt2, 0.495477, SAT, x = -18 y = -11 z = 20 
/20220315-MathProblems/STC_0838.smt2, 0.527885, SAT, x = -14 y = -11 z = 17 
/20220315-MathProblems/STC_0839.smt2, 0.547236, SAT, x = -11 y = -3 z = 13 
/20220315-MathProblems/STC_0840.smt2, 0.515866, SAT, x = -14 y = -8 z = 16 
/20220315-MathProblems/STC_0841.smt2, 1.206014, Not SAT
/20220315-MathProblems/STC_0842.smt2, 1.269710, Not SAT
/20220315-MathProblems/STC_0843.smt2, 0.687512, SAT, x = -10 y = 8 z = 11 
/20220315-MathProblems/STC_0844.smt2, 0.427561, SAT, x = -37 y = -15 z = 38 
/20220315-MathProblems/STC_0845.smt2, 0.513373, SAT, x = -16 y = 13 z = 14 
/20220315-MathProblems/STC_0846.smt2, 0.413546, SAT, x = -32 y = -21 z = 35 
/20220315-MathProblems/STC_0847.smt2, 0.452888, SAT, x = -27 y = -21 z = 31 
/20220315-MathProblems/STC_0848.smt2, 0.305477, SAT, x = -47 y = -33 z = 52 
/20220315-MathProblems/STC_0849.smt2, 0.230176, SAT, x = -62 y = -47 z = 70 
/20220315-MathProblems/STC_0850.smt2, 1.249202, Not SAT
/20220315-MathProblems/STC_0851.smt2, 1.267365, Not SAT
/20220315-MathProblems/STC_0852.smt2, 1.285347, Not SAT
/20220315-MathProblems/STC_0853.smt2, 0.516445, SAT, x = -10 y = 5 z = 12 
/20220315-MathProblems/STC_0854.smt2, 0.254382, SAT, x = -57 y = -40 z = 63 
/20220315-MathProblems/STC_0855.smt2, 0.024624, SAT, x = -97 y = 76 z = 78 
/20220315-MathProblems/STC_0856.smt2, 0.353948, SAT, x = -42 y = 25 z = 39 
/20220315-MathProblems/STC_0857.smt2, 0.271519, SAT, x = -54 y = -47 z = 64 
/20220315-MathProblems/STC_0858.smt2, 0.550612, SAT, x = -11 y = -2 z = 13 
/20220315-MathProblems/STC_0859.smt2, 1.184883, Not SAT
/20220315-MathProblems/STC_0860.smt2, 1.208637, Not SAT
/20220315-MathProblems/STC_0861.smt2, 1.169320, Not SAT
/20220315-MathProblems/STC_0862.smt2, 0.198608, SAT, x = -67 y = 30 z = 65 
/20220315-MathProblems/STC_0863.smt2, 0.426770, SAT, x = -28 y = 22 z = 23 
/20220315-MathProblems/STC_0864.smt2, 1.182519, Not SAT
/20220315-MathProblems/STC_0865.smt2, 0.253505, SAT, x = -57 y = 27 z = 55 
/20220315-MathProblems/STC_0866.smt2, 0.538035, SAT, x = -11 y = 0 z = 13 
/20220315-MathProblems/STC_0867.smt2, 0.543257, SAT, x = -11 y = 1 z = 13 
/20220315-MathProblems/STC_0868.smt2, 1.186129, Not SAT
/20220315-MathProblems/STC_0869.smt2, 1.204810, Not SAT
/20220315-MathProblems/STC_0870.smt2, 1.175318, Not SAT
/20220315-MathProblems/STC_0871.smt2, 1.182097, Not SAT
/20220315-MathProblems/STC_0872.smt2, 0.043410, SAT, x = -93 y = -43 z = 96 
/20220315-MathProblems/STC_0873.smt2, 0.541147, SAT, x = -8 y = -7 z = 12 
/20220315-MathProblems/STC_0874.smt2, 0.295908, SAT, x = -50 y = -39 z = 57 
/20220315-MathProblems/STC_0875.smt2, 0.471108, SAT, x = -21 y = -8 z = 22 
/20220315-MathProblems/STC_0876.smt2, 0.548335, SAT, x = -5 y = 1 z = 10 
/20220315-MathProblems/STC_0877.smt2, 1.166989, Not SAT
/20220315-MathProblems/STC_0878.smt2, 1.193694, Not SAT
/20220315-MathProblems/STC_0879.smt2, 1.163826, Not SAT
/20220315-MathProblems/STC_0880.smt2, 1.160202, Not SAT
/20220315-MathProblems/STC_0881.smt2, 0.473018, SAT, x = -22 y = -16 z = 25 
/20220315-MathProblems/STC_0882.smt2, 0.410689, SAT, x = -32 y = 21 z = 29 
/20220315-MathProblems/STC_0883.smt2, 0.426218, SAT, x = -29 y = -12 z = 30 
/20220315-MathProblems/STC_0884.smt2, 1.162191, Not SAT
/20220315-MathProblems/STC_0885.smt2, 1.177149, Not SAT
/20220315-MathProblems/STC_0886.smt2, 1.143633, Not SAT
/20220315-MathProblems/STC_0887.smt2, 1.153138, Not SAT
/20220315-MathProblems/STC_0888.smt2, 0.317509, SAT, x = -46 y = -37 z = 53 
/20220315-MathProblems/STC_0889.smt2, 1.194200, Not SAT
/20220315-MathProblems/STC_0890.smt2, 0.514333, SAT, x = -17 y = -13 z = 20 
/20220315-MathProblems/STC_0891.smt2, 0.539813, SAT, x = -14 y = -13 z = 18 
/20220315-MathProblems/STC_0892.smt2, 0.076331, SAT, x = -89 y = 29 z = 88 
/20220315-MathProblems/STC_0893.smt2, 0.019730, SAT, x = -99 y = 52 z = 94 
/20220315-MathProblems/STC_0894.smt2, 1.754642, Not SAT
/20220315-MathProblems/STC_0895.smt2, 1.679862, Not SAT
/20220315-MathProblems/STC_0896.smt2, 1.502561, Not SAT
/20220315-MathProblems/STC_0897.smt2, 1.205610, Not SAT
/20220315-MathProblems/STC_0898.smt2, 0.547833, SAT, x = -7 y = 8 z = 9 
/20220315-MathProblems/STC_0899.smt2, 0.236728, SAT, x = -61 y = 32 z = 58 
/20220315-MathProblems/STC_0900.smt2, 0.410216, SAT, x = -29 y = -22 z = 33 
/20220315-MathProblems/STC_0901.smt2, 0.529792, SAT, x = -11 y = -8 z = 14 
/20220315-MathProblems/STC_0902.smt2, 0.113225, SAT, x = -81 y = 34 z = 79 
/20220315-MathProblems/STC_0903.smt2, 1.187006, Not SAT
/20220315-MathProblems/STC_0904.smt2, 1.161145, Not SAT
/20220315-MathProblems/STC_0905.smt2, 1.179409, Not SAT
/20220315-MathProblems/STC_0906.smt2, 1.160733, Not SAT
/20220315-MathProblems/STC_0907.smt2, 0.072592, SAT, x = -88 y = 48 z = 83 
/20220315-MathProblems/STC_0908.smt2, 1.192071, Not SAT
/20220315-MathProblems/STC_0909.smt2, 0.368128, SAT, x = -37 y = 25 z = 33 
/20220315-MathProblems/STC_0910.smt2, 0.417195, SAT, x = -29 y = -26 z = 35 
/20220315-MathProblems/STC_0911.smt2, 0.079863, SAT, x = -87 y = 55 z = 79 
/20220315-MathProblems/STC_0912.smt2, 1.177777, Not SAT
/20220315-MathProblems/STC_0913.smt2, 1.170793, Not SAT
/20220315-MathProblems/STC_0914.smt2, 1.215638, Not SAT
/20220315-MathProblems/STC_0915.smt2, 1.161088, Not SAT
/20220315-MathProblems/STC_0916.smt2, 0.367306, SAT, x = -37 y = 17 z = 36 
/20220315-MathProblems/STC_0917.smt2, 0.397560, SAT, x = -31 y = -23 z = 35 
/20220315-MathProblems/STC_0918.smt2, 0.325861, SAT, x = -45 y = 19 z = 44 
/20220315-MathProblems/STC_0919.smt2, 0.379937, SAT, x = -35 y = -19 z = 37 
/20220315-MathProblems/STC_0920.smt2, 0.446213, SAT, x = -24 y = 16 z = 22 
/20220315-MathProblems/STC_0921.smt2, 1.163026, Not SAT
/20220315-MathProblems/STC_0922.smt2, 1.180916, Not SAT
/20220315-MathProblems/STC_0923.smt2, 1.148363, Not SAT
/20220315-MathProblems/STC_0924.smt2, 0.564423, SAT, x = -7 y = -4 z = 11 
/20220315-MathProblems/STC_0925.smt2, 0.155651, SAT, x = -75 y = 26 z = 74 
/20220315-MathProblems/STC_0926.smt2, 1.144143, Not SAT
/20220315-MathProblems/STC_0927.smt2, 0.403284, SAT, x = -33 y = 16 z = 32 
/20220315-MathProblems/STC_0928.smt2, 0.449651, SAT, x = -23 y = -9 z = 24 
/20220315-MathProblems/STC_0929.smt2, 0.257566, SAT, x = -56 y = 33 z = 52 
/20220315-MathProblems/STC_0930.smt2, 0.516033, SAT, x = -11 y = 4 z = 13 
/20220315-MathProblems/STC_0931.smt2, 1.207270, Not SAT
/20220315-MathProblems/STC_0932.smt2, 1.152878, Not SAT
/20220315-MathProblems/STC_0933.smt2, 1.236103, Not SAT
/20220315-MathProblems/STC_0934.smt2, 0.512473, SAT, x = -12 y = 11 z = 11 
/20220315-MathProblems/STC_0935.smt2, 0.526717, SAT, x = -9 y = -4 z = 12 
/20220315-MathProblems/STC_0936.smt2, 0.464735, SAT, x = -21 y = 13 z = 20 
/20220315-MathProblems/STC_0937.smt2, 0.028949, SAT, x = -96 y = -30 z = 97 
/20220315-MathProblems/STC_0938.smt2, 0.416148, SAT, x = -29 y = 15 z = 28 
/20220315-MathProblems/STC_0939.smt2, 0.578883, SAT, x = -5 y = 4 z = 10 
/20220315-MathProblems/STC_0940.smt2, 1.154362, Not SAT
/20220315-MathProblems/STC_0941.smt2, 1.134375, Not SAT
/20220315-MathProblems/STC_0942.smt2, 0.478088, SAT, x = -16 y = 5 z = 17 
/20220315-MathProblems/STC_0943.smt2, 0.305255, SAT, x = -49 y = 20 z = 48 
/20220315-MathProblems/STC_0944.smt2, 0.085321, SAT, x = -86 y = 50 z = 80 
/20220315-MathProblems/STC_0945.smt2, 0.365730, SAT, x = -39 y = -24 z = 42 
/20220315-MathProblems/STC_0946.smt2, 0.438540, SAT, x = -26 y = 21 z = 21 
/20220315-MathProblems/STC_0947.smt2, 0.542496, SAT, x = -5 y = 7 z = 9 
/20220315-MathProblems/STC_0948.smt2, 1.156891, Not SAT
/20220315-MathProblems/STC_0949.smt2, 1.167948, Not SAT
/20220315-MathProblems/STC_0950.smt2, 1.192748, Not SAT
/20220315-MathProblems/STC_0951.smt2, 0.441610, SAT, x = -25 y = -10 z = 26 
/20220315-MathProblems/STC_0952.smt2, 0.412211, SAT, x = -28 y = -16 z = 30 
/20220315-MathProblems/STC_0953.smt2, 0.122119, SAT, x = -80 y = 62 z = 65 
/20220315-MathProblems/STC_0954.smt2, 0.358791, SAT, x = -42 y = 29 z = 37 
/20220315-MathProblems/STC_0955.smt2, 1.154972, Not SAT
/20220315-MathProblems/STC_0956.smt2, 0.283517, SAT, x = -51 y = -32 z = 55 
/20220315-MathProblems/STC_0957.smt2, 1.160086, Not SAT
/20220315-MathProblems/STC_0958.smt2, 1.155396, Not SAT
/20220315-MathProblems/STC_0959.smt2, 1.177662, Not SAT
/20220315-MathProblems/STC_0960.smt2, 0.561574, SAT, x = -4 y = 8 z = 8 
/20220315-MathProblems/STC_0961.smt2, 0.532780, SAT, x = -7 y = -3 z = 11 
/20220315-MathProblems/STC_0962.smt2, 0.329195, SAT, x = -45 y = 32 z = 39 
/20220315-MathProblems/STC_0963.smt2, 0.223086, SAT, x = -64 y = -29 z = 66 
/20220315-MathProblems/STC_0964.smt2, 1.164454, Not SAT
/20220315-MathProblems/STC_0965.smt2, 0.056048, SAT, x = -92 y = 37 z = 90 
/20220315-MathProblems/STC_0966.smt2, 1.164331, Not SAT
/20220315-MathProblems/STC_0967.smt2, 1.168282, Not SAT
/20220315-MathProblems/STC_0968.smt2, 1.175678, Not SAT
/20220315-MathProblems/STC_0969.smt2, 1.142391, Not SAT
/20220315-MathProblems/STC_0970.smt2, 0.344168, SAT, x = -43 y = -22 z = 45 
/20220315-MathProblems/STC_0971.smt2, 1.182254, Not SAT
/20220315-MathProblems/STC_0972.smt2, 0.397823, SAT, x = -32 y = -13 z = 33 
/20220315-MathProblems/STC_0973.smt2, 0.473475, SAT, x = -21 y = 15 z = 19 
/20220315-MathProblems/STC_0974.smt2, 0.502112, SAT, x = -14 y = 7 z = 15 
/20220315-MathProblems/STC_0975.smt2, 1.174835, Not SAT
/20220315-MathProblems/STC_0976.smt2, 1.151279, Not SAT
/20220315-MathProblems/STC_0977.smt2, 1.227449, Not SAT
/20220315-MathProblems/STC_0978.smt2, 1.206224, Not SAT
/20220315-MathProblems/STC_0979.smt2, 0.490675, SAT, x = -22 y = -13 z = 24 
/20220315-MathProblems/STC_0980.smt2, 0.434263, SAT, x = -28 y = -19 z = 31 
/20220315-MathProblems/STC_0981.smt2, 0.451740, SAT, x = -26 y = -18 z = 29 
/20220315-MathProblems/STC_0982.smt2, 1.148942, Not SAT
/20220315-MathProblems/STC_0983.smt2, 0.488606, SAT, x = -17 y = 4 z = 18 
/20220315-MathProblems/STC_0984.smt2, 0.157606, SAT, x = -74 y = -32 z = 76 
/20220315-MathProblems/STC_0985.smt2, 1.149561, Not SAT
/20220315-MathProblems/STC_0986.smt2, 1.177974, Not SAT
/20220315-MathProblems/STC_0987.smt2, 0.556245, SAT, x = -7 y = -1 z = 11 
/20220315-MathProblems/STC_0988.smt2, 0.189647, SAT, x = -69 y = 38 z = 65 
/20220315-MathProblems/STC_0989.smt2, 0.190089, SAT, x = -70 y = 53 z = 58 
/20220315-MathProblems/STC_0990.smt2, 0.107501, SAT, x = -82 y = 39 z = 79 
/20220315-MathProblems/STC_0991.smt2, 0.536033, SAT, x = -11 y = 5 z = 13 
/20220315-MathProblems/STC_0992.smt2, 0.295453, SAT, x = -53 y = 21 z = 52 
/20220315-MathProblems/STC_0993.smt2, 0.599152, SAT, x = -2 y = 1 z = 10 
/20220315-MathProblems/STC_0994.smt2, 1.187612, Not SAT
/20220315-MathProblems/STC_0995.smt2, 1.166972, Not SAT
/20220315-MathProblems/STC_0996.smt2, 0.549865, SAT, x = -7 y = 2 z = 11 
/20220315-MathProblems/STC_0997.smt2, 0.556982, SAT, x = -3 y = 8 z = 8 
/20220315-MathProblems/STC_0998.smt2, 0.533815, SAT, x = -9 y = -1 z = 12 
/20220315-MathProblems/STC_0999.smt2, 0.530791, SAT, x = -9 y = 0 z = 12 
/20220315-MathProblems/STC_1000.smt2, 0.004093, SAT, x = -100 y = 10 z = 100 
